https://www.flipkart.com/muscleblaze-raw-whey-protein/p/itmet4ndbdwakkn6?pid=PSLET4NDF84FHZGV&lid=LSTPSLET4NDF84FHZGVGM5KKH&marketplace=FLIPKART&srno=s_1_4&otracker=AS_Query_HistoryAutoSuggest_0_8_na_na_na&otracker1=AS_Query_HistoryAutoSuggest_0_8_na_na_na&fm=SEARCH&iid=ff8c6f4d-fddc-4409-ad6f-6617749d2ab1.PSLET4NDF84FHZGV.SEARCH&ppt=sp&ppn=sp&ssid=zojv93bsbk0000001578761791012&qH=fb66386045d59cb3,1100

https://www.flipkart.com/optimum-nutrition-gold-standard-100-whey-protein/p/itmfhbuxj2xkt4qk?pid=PSLFHBUXFP23VCWD&lid=LSTPSLFHBUXFP23VCWD9AHDOC&marketplace=FLIPKART&srno=s_1_3&otracker=AS_QueryStore_OrganicAutoSuggest_0_4_na_na_na&otracker1=AS_QueryStore_OrganicAutoSuggest_0_4_na_na_na&fm=SEARCH&iid=bc53b728-15ac-4478-a805-754e19d9fc0e.PSLFHBUXFP23VCWD.SEARCH&ppt=sp&ppn=sp&ssid=3nra9nt5qo0000001578808417106&qH=fb66386045d59cb3,1500

https://www.flipkart.com/bausch-lomb-iconnect-monthly/p/itme8fmpftzh7qhf?pid=CTLE8FMP9MZMNQQG&lid=LSTCTLE8FMP9MZMNQQGKL8FHX&marketplace=FLIPKART&sattr[]=corrective_power&sattr[]=color&st=corrective_power&otracker=AS_Query_OrganicAutoSuggest_4_4_na_na_na,225

https://www.flipkart.com/bausch-lomb-iconnect-monthly/p/itmef5g7yyw6akfp?pid=CTLEGAMY9CNMHV5P&lid=LSTCTLEGAMY9CNMHV5PCZLLJB&marketplace=FLIPKART&sattr[]=corrective_power&st=corrective_power&otracker=AS_Query_OrganicAutoSuggest_4_4_na_na_na,450

https://www.flipkart.com/bausch-lomb-soflens-59-monthly/p/itmebxumu7phsf3g?pid=CTLEBXUM9XHMNGCG&lid=LSTCTLEBXUM9XHMNGCGUAVHYV&marketplace=FLIPKART&sattr[]=corrective_power&st=corrective_power&otracker=AS_Query_OrganicAutoSuggest_4_4_na_na_na,600

https://www.flipkart.com/boat-bassheads-900-super-extra-bass-wired-headset/p/itme1f492e8b3a42?pid=ACCEX3U2RXJFUGWG&lid=LSTACCEX3U2RXJFUGWGQF68FU&marketplace=FLIPKART&srno=b_1_9&otracker=clp_banner_2_2.bannerX3.BANNER_top-deals-on-headphones-and-speakers-2019-store_9E02TDQ13FWP&fm=neo%2Fmerchandising&iid=d89cdc9c-f56a-4f50-a7f9-5c03b37a877f.ACCEX3U2RXJFUGWG.SEARCH&ppt=browse&ppn=browse,750
